Bicho1,Bicho2,Bicho5
Bicho1,Bicho2,Bicho5
Bicho4,Bicho2,Bicho com nome muito cumprido
Bicho1,Bicho6,Bicho5
Bicho9,Bicho2,Bicho5
Bicho1,Bicho6,Bicho3
Bicho1,Bicho2,Bicho9,Otobicho,ototo
Bicho8,Bicho2,Bicho5
Bicho1,Bicho2,Bicho6
Bicho1,Bicho2,Bicho5
Bicho1,Bicho2,Bicho5
Bicho4,Bicho2,Bicho com nome muito cumprido
Bicho1,Bicho6,Bicho5
Bicho9,Bicho2,Bicho5
Bicho1,Bicho6,Bicho3
Bicho1,Bicho2,Bicho9
Bicho8,Bicho2,Bicho5
Bicho1,Bicho2,Bicho6
Bicho1,Bicho2,Bicho5
Bicho1,Bicho2,Bicho5
Bicho4,Bicho2,Bicho com nome muito cumprido
Bicho1,Bicho6,Bicho5
Bicho9,Bicho2,Bicho5
Bicho1,Bicho6,Bicho3
Bicho1,Bicho2,Bicho9
Bicho8,Bicho2,Bicho5
Bicho1,Bicho2,Bicho6
